material_id,qe_input_path,qe_output_path,converged,job_done,scf_iterations,final_energy_ry,energy_ev,max_force,pressure_kbar,wall_time,failure_reason,ecutwfc,ecutrho,kpoints,smearing,mixing_beta,pseudo_family,pseudopotentials,calculation_hash
bulk_li2nav2po43,outputs/qe_runs_bulk_li2nav2po43/a8p1700_c21p0000_pid8100_att1/espresso.pwi,outputs/qe_runs_bulk_li2nav2po43/a8p1700_c21p0000_pid8100_att1/espresso.pwo,False,False,,,,,,,geometry_overlap,50.0,400.0,2 2 2 0 0 0,gaussian,0.4,PSLibrary,"{""Li"":""li_pbe_v1.4.uspp.F.UPF"",""Na"":""na_pbe_v1.5.uspp.F.UPF"",""O"":""O.pbe-n-kjpaw_psl.0.1.UPF"",""P"":""P.pbe-n-rrkjus_psl.1.0.0.UPF"",""V"":""v_pbe_v1.4.uspp.F.UPF""}",3b870b3e4150d650b469272ff2125367d49c3fbeea7160cb6e036ab0991da3ab
bulk_li2nav2po43,outputs/qe_runs_bulk_li2nav2po43/a8p1700_c21p0000_pid8100_att2/espresso.pwi,outputs/qe_runs_bulk_li2nav2po43/a8p1700_c21p0000_pid8100_att2/espresso.pwo,False,False,,,,,,,geometry_overlap,50.0,400.0,2 2 2 0 0 0,gaussian,0.4,PSLibrary,"{""Li"":""li_pbe_v1.4.uspp.F.UPF"",""Na"":""na_pbe_v1.5.uspp.F.UPF"",""O"":""O.pbe-n-kjpaw_psl.0.1.UPF"",""P"":""P.pbe-n-rrkjus_psl.1.0.0.UPF"",""V"":""v_pbe_v1.4.uspp.F.UPF""}",097bcbc6e462d61f3a910d04cae13020d12ea14ab9ab07110893f1c8c05f951b
bulk_li2nav2po43,outputs/qe_runs_bulk_li2nav2po43/a8p1700_c21p0000_pid8100_att3/espresso.pwi,outputs/qe_runs_bulk_li2nav2po43/a8p1700_c21p0000_pid8100_att3/espresso.pwo,False,False,,,,,,,geometry_overlap,50.0,400.0,2 2 2 0 0 0,gaussian,0.4,PSLibrary,"{""Li"":""li_pbe_v1.4.uspp.F.UPF"",""Na"":""na_pbe_v1.5.uspp.F.UPF"",""O"":""O.pbe-n-kjpaw_psl.0.1.UPF"",""P"":""P.pbe-n-rrkjus_psl.1.0.0.UPF"",""V"":""v_pbe_v1.4.uspp.F.UPF""}",5b34e6429451307bd8e45ea200b1dcc0d4eff6d8e3d0d4a1a131f33408d05e46
bulk_li2nav2po43,outputs/qe_runs_bulk_li2nav2po43/a8p1700_c21p5000_pid8628_att1/espresso.pwi,outputs/qe_runs_bulk_li2nav2po43/a8p1700_c21p5000_pid8628_att1/espresso.pwo,False,False,,,,,,,geometry_overlap,50.0,400.0,1 1 1 0 0 0,gaussian,0.4,PSLibrary,"{""Li"":""li_pbe_v1.4.uspp.F.UPF"",""Na"":""na_pbe_v1.5.uspp.F.UPF"",""O"":""O.pbe-n-kjpaw_psl.0.1.UPF"",""P"":""P.pbe-n-rrkjus_psl.1.0.0.UPF"",""V"":""v_pbe_v1.4.uspp.F.UPF""}",bd8cd3606a38bec4a57bd82bdbf13f82d94bdc87ef3567a2a3fa67938a2f378a
bulk_li2nav2po43,outputs/qe_runs_bulk_li2nav2po43/a8p1700_c21p5000_pid8628_att2/espresso.pwi,outputs/qe_runs_bulk_li2nav2po43/a8p1700_c21p5000_pid8628_att2/espresso.pwo,False,False,,,,,,,geometry_overlap,50.0,400.0,1 1 1 0 0 0,gaussian,0.4,PSLibrary,"{""Li"":""li_pbe_v1.4.uspp.F.UPF"",""Na"":""na_pbe_v1.5.uspp.F.UPF"",""O"":""O.pbe-n-kjpaw_psl.0.1.UPF"",""P"":""P.pbe-n-rrkjus_psl.1.0.0.UPF"",""V"":""v_pbe_v1.4.uspp.F.UPF""}",c9cefb468f5b5b96c4121ecba76d70e9afdf18372c7a1fe980b1827aa0db593c
bulk_li2nav2po43,outputs/qe_runs_bulk_li2nav2po43/a8p1700_c21p5000_pid8628_att3/espresso.pwi,outputs/qe_runs_bulk_li2nav2po43/a8p1700_c21p5000_pid8628_att3/espresso.pwo,False,False,,,,,,,geometry_overlap,50.0,400.0,1 1 1 0 0 0,gaussian,0.4,PSLibrary,"{""Li"":""li_pbe_v1.4.uspp.F.UPF"",""Na"":""na_pbe_v1.5.uspp.F.UPF"",""O"":""O.pbe-n-kjpaw_psl.0.1.UPF"",""P"":""P.pbe-n-rrkjus_psl.1.0.0.UPF"",""V"":""v_pbe_v1.4.uspp.F.UPF""}",500bfe5a83feee688651f5b7133b472d29dc0c33b49652e9b603c195320cc134
bulk_li2nav2po43,outputs/qe_runs_bulk_li2nav2po43/a8p2000_c20p9700_pid8100_att1/espresso.pwi,outputs/qe_runs_bulk_li2nav2po43/a8p2000_c20p9700_pid8100_att1/espresso.pwo,False,False,,,,,,,geometry_overlap,50.0,400.0,2 2 2 0 0 0,gaussian,0.4,PSLibrary,"{""Li"":""li_pbe_v1.4.uspp.F.UPF"",""Na"":""na_pbe_v1.5.uspp.F.UPF"",""O"":""O.pbe-n-kjpaw_psl.0.1.UPF"",""P"":""P.pbe-n-rrkjus_psl.1.0.0.UPF"",""V"":""v_pbe_v1.4.uspp.F.UPF""}",11d95bb391e5b25bb93f226bbb9adacf3b4c9ea7b9f0e60efe6ab40d553b8b81
bulk_li2nav2po43,outputs/qe_runs_bulk_li2nav2po43/a8p2000_c20p9700_pid8100_att2/espresso.pwi,outputs/qe_runs_bulk_li2nav2po43/a8p2000_c20p9700_pid8100_att2/espresso.pwo,False,False,,,,,,,geometry_overlap,50.0,400.0,2 2 2 0 0 0,gaussian,0.4,PSLibrary,"{""Li"":""li_pbe_v1.4.uspp.F.UPF"",""Na"":""na_pbe_v1.5.uspp.F.UPF"",""O"":""O.pbe-n-kjpaw_psl.0.1.UPF"",""P"":""P.pbe-n-rrkjus_psl.1.0.0.UPF"",""V"":""v_pbe_v1.4.uspp.F.UPF""}",245c74f6f961cbf766a53bf94dd862ef055d31a38e579e24ccc2a7741f721b4b
bulk_li2nav2po43,outputs/qe_runs_bulk_li2nav2po43/a8p2000_c20p9700_pid8100_att3/espresso.pwi,outputs/qe_runs_bulk_li2nav2po43/a8p2000_c20p9700_pid8100_att3/espresso.pwo,False,False,,,,,,,geometry_overlap,50.0,400.0,2 2 2 0 0 0,gaussian,0.4,PSLibrary,"{""Li"":""li_pbe_v1.4.uspp.F.UPF"",""Na"":""na_pbe_v1.5.uspp.F.UPF"",""O"":""O.pbe-n-kjpaw_psl.0.1.UPF"",""P"":""P.pbe-n-rrkjus_psl.1.0.0.UPF"",""V"":""v_pbe_v1.4.uspp.F.UPF""}",929c48657ee5e7ef6f09c07e7cb21ccfb1a0fbba46b81c05b1dfada7b24755c8
bulk_li2nav2po43,outputs/qe_runs_bulk_li2nav2po43/a8p2000_c21p0000_pid8100_att1/espresso.pwi,outputs/qe_runs_bulk_li2nav2po43/a8p2000_c21p0000_pid8100_att1/espresso.pwo,False,False,,,,,,,geometry_overlap,50.0,400.0,2 2 2 0 0 0,gaussian,0.4,PSLibrary,"{""Li"":""li_pbe_v1.4.uspp.F.UPF"",""Na"":""na_pbe_v1.5.uspp.F.UPF"",""O"":""O.pbe-n-kjpaw_psl.0.1.UPF"",""P"":""P.pbe-n-rrkjus_psl.1.0.0.UPF"",""V"":""v_pbe_v1.4.uspp.F.UPF""}",7f18fff93ec3f9cf3a3183ce9183aa165e0b784012ef8da20f57501b9768b504
bulk_li2nav2po43,outputs/qe_runs_bulk_li2nav2po43/a8p2000_c21p0000_pid8100_att2/espresso.pwi,outputs/qe_runs_bulk_li2nav2po43/a8p2000_c21p0000_pid8100_att2/espresso.pwo,False,False,,,,,,,geometry_overlap,50.0,400.0,2 2 2 0 0 0,gaussian,0.4,PSLibrary,"{""Li"":""li_pbe_v1.4.uspp.F.UPF"",""Na"":""na_pbe_v1.5.uspp.F.UPF"",""O"":""O.pbe-n-kjpaw_psl.0.1.UPF"",""P"":""P.pbe-n-rrkjus_psl.1.0.0.UPF"",""V"":""v_pbe_v1.4.uspp.F.UPF""}",7ceb813eb76b97fca864fd4d58907633d506e9fa365e7890ad3ab54acbe9cbec
bulk_li2nav2po43,outputs/qe_runs_bulk_li2nav2po43/a8p2000_c21p0000_pid8100_att3/espresso.pwi,outputs/qe_runs_bulk_li2nav2po43/a8p2000_c21p0000_pid8100_att3/espresso.pwo,False,False,,,,,,,geometry_overlap,50.0,400.0,2 2 2 0 0 0,gaussian,0.4,PSLibrary,"{""Li"":""li_pbe_v1.4.uspp.F.UPF"",""Na"":""na_pbe_v1.5.uspp.F.UPF"",""O"":""O.pbe-n-kjpaw_psl.0.1.UPF"",""P"":""P.pbe-n-rrkjus_psl.1.0.0.UPF"",""V"":""v_pbe_v1.4.uspp.F.UPF""}",46275cac4aee1c4e4435144306b4596b1b562196d49509efe84c5ad34183942b
bulk_li2nav2po43,outputs/qe_runs_bulk_li2nav2po43/a8p2000_c21p0300_pid8100_att1/espresso.pwi,outputs/qe_runs_bulk_li2nav2po43/a8p2000_c21p0300_pid8100_att1/espresso.pwo,False,False,,,,,,,geometry_overlap,50.0,400.0,2 2 2 0 0 0,gaussian,0.4,PSLibrary,"{""Li"":""li_pbe_v1.4.uspp.F.UPF"",""Na"":""na_pbe_v1.5.uspp.F.UPF"",""O"":""O.pbe-n-kjpaw_psl.0.1.UPF"",""P"":""P.pbe-n-rrkjus_psl.1.0.0.UPF"",""V"":""v_pbe_v1.4.uspp.F.UPF""}",ad9bc3d5e930b5fbd798d666515603b6f2778182616775bcc7dd7f433e4bb380
bulk_li2nav2po43,outputs/qe_runs_bulk_li2nav2po43/a8p2000_c21p0300_pid8100_att2/espresso.pwi,outputs/qe_runs_bulk_li2nav2po43/a8p2000_c21p0300_pid8100_att2/espresso.pwo,False,False,,,,,,,geometry_overlap,50.0,400.0,2 2 2 0 0 0,gaussian,0.4,PSLibrary,"{""Li"":""li_pbe_v1.4.uspp.F.UPF"",""Na"":""na_pbe_v1.5.uspp.F.UPF"",""O"":""O.pbe-n-kjpaw_psl.0.1.UPF"",""P"":""P.pbe-n-rrkjus_psl.1.0.0.UPF"",""V"":""v_pbe_v1.4.uspp.F.UPF""}",973e932f3d8dc3ad3f35570d7295fa539c52ad1b724b13eea705f9b963e49ab8
bulk_li2nav2po43,outputs/qe_runs_bulk_li2nav2po43/a8p2000_c21p0300_pid8100_att3/espresso.pwi,outputs/qe_runs_bulk_li2nav2po43/a8p2000_c21p0300_pid8100_att3/espresso.pwo,False,False,,,,,,,geometry_overlap,50.0,400.0,2 2 2 0 0 0,gaussian,0.4,PSLibrary,"{""Li"":""li_pbe_v1.4.uspp.F.UPF"",""Na"":""na_pbe_v1.5.uspp.F.UPF"",""O"":""O.pbe-n-kjpaw_psl.0.1.UPF"",""P"":""P.pbe-n-rrkjus_psl.1.0.0.UPF"",""V"":""v_pbe_v1.4.uspp.F.UPF""}",757b9d46327d37fee43f7a769fc1b0b0476f3b693017a3522dbb4bcd15e59138
bulk_li2nav2po43,outputs/qe_runs_bulk_li2nav2po43/a8p2000_c21p4700_pid8628_att1/espresso.pwi,outputs/qe_runs_bulk_li2nav2po43/a8p2000_c21p4700_pid8628_att1/espresso.pwo,False,False,,,,,,,geometry_overlap,50.0,400.0,1 1 1 0 0 0,gaussian,0.4,PSLibrary,"{""Li"":""li_pbe_v1.4.uspp.F.UPF"",""Na"":""na_pbe_v1.5.uspp.F.UPF"",""O"":""O.pbe-n-kjpaw_psl.0.1.UPF"",""P"":""P.pbe-n-rrkjus_psl.1.0.0.UPF"",""V"":""v_pbe_v1.4.uspp.F.UPF""}",43867661451cba693d3a80f2897eac131c1e3dc3f6e7151b43f06c9372f15c19
bulk_li2nav2po43,outputs/qe_runs_bulk_li2nav2po43/a8p2000_c21p4700_pid8628_att2/espresso.pwi,outputs/qe_runs_bulk_li2nav2po43/a8p2000_c21p4700_pid8628_att2/espresso.pwo,False,False,,,,,,,geometry_overlap,50.0,400.0,1 1 1 0 0 0,gaussian,0.4,PSLibrary,"{""Li"":""li_pbe_v1.4.uspp.F.UPF"",""Na"":""na_pbe_v1.5.uspp.F.UPF"",""O"":""O.pbe-n-kjpaw_psl.0.1.UPF"",""P"":""P.pbe-n-rrkjus_psl.1.0.0.UPF"",""V"":""v_pbe_v1.4.uspp.F.UPF""}",e0b8d598fd71450cea7604a34870f5e05fe56e6bc0530cb386c0506131adcb4b
bulk_li2nav2po43,outputs/qe_runs_bulk_li2nav2po43/a8p2000_c21p4700_pid8628_att3/espresso.pwi,outputs/qe_runs_bulk_li2nav2po43/a8p2000_c21p4700_pid8628_att3/espresso.pwo,False,False,,,,,,,geometry_overlap,50.0,400.0,1 1 1 0 0 0,gaussian,0.4,PSLibrary,"{""Li"":""li_pbe_v1.4.uspp.F.UPF"",""Na"":""na_pbe_v1.5.uspp.F.UPF"",""O"":""O.pbe-n-kjpaw_psl.0.1.UPF"",""P"":""P.pbe-n-rrkjus_psl.1.0.0.UPF"",""V"":""v_pbe_v1.4.uspp.F.UPF""}",996814895db8fe4569a1330f263eb4f1f5fce03635fffb7d951beb0a879a7690
bulk_li2nav2po43,outputs/qe_runs_bulk_li2nav2po43/a8p2000_c21p5000_pid8628_att1/espresso.pwi,outputs/qe_runs_bulk_li2nav2po43/a8p2000_c21p5000_pid8628_att1/espresso.pwo,False,False,,,,,,,geometry_overlap,50.0,400.0,1 1 1 0 0 0,gaussian,0.4,PSLibrary,"{""Li"":""li_pbe_v1.4.uspp.F.UPF"",""Na"":""na_pbe_v1.5.uspp.F.UPF"",""O"":""O.pbe-n-kjpaw_psl.0.1.UPF"",""P"":""P.pbe-n-rrkjus_psl.1.0.0.UPF"",""V"":""v_pbe_v1.4.uspp.F.UPF""}",3ba906064bb3b230b6c47cb9d4dc9dbaab1afcbedcbaa8c904ef4e177c4f629c
bulk_li2nav2po43,outputs/qe_runs_bulk_li2nav2po43/a8p2000_c21p5000_pid8628_att2/espresso.pwi,outputs/qe_runs_bulk_li2nav2po43/a8p2000_c21p5000_pid8628_att2/espresso.pwo,False,False,,,,,,,geometry_overlap,50.0,400.0,1 1 1 0 0 0,gaussian,0.4,PSLibrary,"{""Li"":""li_pbe_v1.4.uspp.F.UPF"",""Na"":""na_pbe_v1.5.uspp.F.UPF"",""O"":""O.pbe-n-kjpaw_psl.0.1.UPF"",""P"":""P.pbe-n-rrkjus_psl.1.0.0.UPF"",""V"":""v_pbe_v1.4.uspp.F.UPF""}",9a68c01917f755ca8e5737118465faf07a1841d366ea5cc0ef58132ba24256d6
bulk_li2nav2po43,outputs/qe_runs_bulk_li2nav2po43/a8p2000_c21p5000_pid8628_att3/espresso.pwi,outputs/qe_runs_bulk_li2nav2po43/a8p2000_c21p5000_pid8628_att3/espresso.pwo,False,False,,,,,,,geometry_overlap,50.0,400.0,1 1 1 0 0 0,gaussian,0.4,PSLibrary,"{""Li"":""li_pbe_v1.4.uspp.F.UPF"",""Na"":""na_pbe_v1.5.uspp.F.UPF"",""O"":""O.pbe-n-kjpaw_psl.0.1.UPF"",""P"":""P.pbe-n-rrkjus_psl.1.0.0.UPF"",""V"":""v_pbe_v1.4.uspp.F.UPF""}",418d3e8d7ef0741eb951547ccdb9035052e96117f511ec1cf8e5b931ac38bf99
bulk_li2nav2po43,outputs/qe_runs_bulk_li2nav2po43/a8p2000_c21p5300_pid8628_att1/espresso.pwi,outputs/qe_runs_bulk_li2nav2po43/a8p2000_c21p5300_pid8628_att1/espresso.pwo,False,False,,,,,,,geometry_overlap,50.0,400.0,1 1 1 0 0 0,gaussian,0.4,PSLibrary,"{""Li"":""li_pbe_v1.4.uspp.F.UPF"",""Na"":""na_pbe_v1.5.uspp.F.UPF"",""O"":""O.pbe-n-kjpaw_psl.0.1.UPF"",""P"":""P.pbe-n-rrkjus_psl.1.0.0.UPF"",""V"":""v_pbe_v1.4.uspp.F.UPF""}",8552a93fa3cfa85dc7ed82c4221620f46d8f74050d35eeb2ac9bbd496094021e
bulk_li2nav2po43,outputs/qe_runs_bulk_li2nav2po43/a8p2000_c21p5300_pid8628_att2/espresso.pwi,outputs/qe_runs_bulk_li2nav2po43/a8p2000_c21p5300_pid8628_att2/espresso.pwo,False,False,,,,,,,geometry_overlap,50.0,400.0,1 1 1 0 0 0,gaussian,0.4,PSLibrary,"{""Li"":""li_pbe_v1.4.uspp.F.UPF"",""Na"":""na_pbe_v1.5.uspp.F.UPF"",""O"":""O.pbe-n-kjpaw_psl.0.1.UPF"",""P"":""P.pbe-n-rrkjus_psl.1.0.0.UPF"",""V"":""v_pbe_v1.4.uspp.F.UPF""}",dc5ba9d47c1e80ce2e374598b43de6ef24c6a66d5f39b89f643902289a4edaf2
bulk_li2nav2po43,outputs/qe_runs_bulk_li2nav2po43/a8p2000_c21p5300_pid8628_att3/espresso.pwi,outputs/qe_runs_bulk_li2nav2po43/a8p2000_c21p5300_pid8628_att3/espresso.pwo,False,False,,,,,,,geometry_overlap,50.0,400.0,1 1 1 0 0 0,gaussian,0.4,PSLibrary,"{""Li"":""li_pbe_v1.4.uspp.F.UPF"",""Na"":""na_pbe_v1.5.uspp.F.UPF"",""O"":""O.pbe-n-kjpaw_psl.0.1.UPF"",""P"":""P.pbe-n-rrkjus_psl.1.0.0.UPF"",""V"":""v_pbe_v1.4.uspp.F.UPF""}",3cb4217bb1f8df2673bf18498f77b91698154e92389e7ca44005b80f8bb2f7e5
bulk_li2nav2po43,outputs/qe_runs_bulk_li2nav2po43/a8p2300_c21p0000_pid8100_att1/espresso.pwi,outputs/qe_runs_bulk_li2nav2po43/a8p2300_c21p0000_pid8100_att1/espresso.pwo,False,False,,,,,,,geometry_overlap,50.0,400.0,2 2 2 0 0 0,gaussian,0.4,PSLibrary,"{""Li"":""li_pbe_v1.4.uspp.F.UPF"",""Na"":""na_pbe_v1.5.uspp.F.UPF"",""O"":""O.pbe-n-kjpaw_psl.0.1.UPF"",""P"":""P.pbe-n-rrkjus_psl.1.0.0.UPF"",""V"":""v_pbe_v1.4.uspp.F.UPF""}",a6d7012fdc258b1eced7efccba487eefa220bb4f4783846397148017a941bc61
bulk_li2nav2po43,outputs/qe_runs_bulk_li2nav2po43/a8p2300_c21p0000_pid8100_att2/espresso.pwi,outputs/qe_runs_bulk_li2nav2po43/a8p2300_c21p0000_pid8100_att2/espresso.pwo,False,False,,,,,,,geometry_overlap,50.0,400.0,2 2 2 0 0 0,gaussian,0.4,PSLibrary,"{""Li"":""li_pbe_v1.4.uspp.F.UPF"",""Na"":""na_pbe_v1.5.uspp.F.UPF"",""O"":""O.pbe-n-kjpaw_psl.0.1.UPF"",""P"":""P.pbe-n-rrkjus_psl.1.0.0.UPF"",""V"":""v_pbe_v1.4.uspp.F.UPF""}",eaa517647bb980136ac7d82905fbe20b5c3560dc718c03a0d16412c30c10fca0
bulk_li2nav2po43,outputs/qe_runs_bulk_li2nav2po43/a8p2300_c21p0000_pid8100_att3/espresso.pwi,outputs/qe_runs_bulk_li2nav2po43/a8p2300_c21p0000_pid8100_att3/espresso.pwo,False,False,,,,,,,geometry_overlap,50.0,400.0,2 2 2 0 0 0,gaussian,0.4,PSLibrary,"{""Li"":""li_pbe_v1.4.uspp.F.UPF"",""Na"":""na_pbe_v1.5.uspp.F.UPF"",""O"":""O.pbe-n-kjpaw_psl.0.1.UPF"",""P"":""P.pbe-n-rrkjus_psl.1.0.0.UPF"",""V"":""v_pbe_v1.4.uspp.F.UPF""}",37ebd6aa0dbc214be493e3edf3e94e693d1c3afa903396d58757274df89cbe99
bulk_li2nav2po43,outputs/qe_runs_bulk_li2nav2po43/a8p2300_c21p5000_pid8628_att1/espresso.pwi,outputs/qe_runs_bulk_li2nav2po43/a8p2300_c21p5000_pid8628_att1/espresso.pwo,False,False,,,,,,,geometry_overlap,50.0,400.0,1 1 1 0 0 0,gaussian,0.4,PSLibrary,"{""Li"":""li_pbe_v1.4.uspp.F.UPF"",""Na"":""na_pbe_v1.5.uspp.F.UPF"",""O"":""O.pbe-n-kjpaw_psl.0.1.UPF"",""P"":""P.pbe-n-rrkjus_psl.1.0.0.UPF"",""V"":""v_pbe_v1.4.uspp.F.UPF""}",87a200acfe4bf3dbe8a22f5e73569a9afdfa378cfaca5094079c5f9f3be3be0d
bulk_li2nav2po43,outputs/qe_runs_bulk_li2nav2po43/a8p2300_c21p5000_pid8628_att2/espresso.pwi,outputs/qe_runs_bulk_li2nav2po43/a8p2300_c21p5000_pid8628_att2/espresso.pwo,False,False,,,,,,,geometry_overlap,50.0,400.0,1 1 1 0 0 0,gaussian,0.4,PSLibrary,"{""Li"":""li_pbe_v1.4.uspp.F.UPF"",""Na"":""na_pbe_v1.5.uspp.F.UPF"",""O"":""O.pbe-n-kjpaw_psl.0.1.UPF"",""P"":""P.pbe-n-rrkjus_psl.1.0.0.UPF"",""V"":""v_pbe_v1.4.uspp.F.UPF""}",6b87b4cadc9db43d90615288a61ccb53c39018f88f111fc6d9350ee0563d3b3f
bulk_li2nav2po43,outputs/qe_runs_bulk_li2nav2po43/a8p2300_c21p5000_pid8628_att3/espresso.pwi,outputs/qe_runs_bulk_li2nav2po43/a8p2300_c21p5000_pid8628_att3/espresso.pwo,False,False,,,,,,,geometry_overlap,50.0,400.0,1 1 1 0 0 0,gaussian,0.4,PSLibrary,"{""Li"":""li_pbe_v1.4.uspp.F.UPF"",""Na"":""na_pbe_v1.5.uspp.F.UPF"",""O"":""O.pbe-n-kjpaw_psl.0.1.UPF"",""P"":""P.pbe-n-rrkjus_psl.1.0.0.UPF"",""V"":""v_pbe_v1.4.uspp.F.UPF""}",2418cbb8b29bafaced9e163e34c749679bd02cce71427a48221f613762d566bd
bulk_li2nav2po43,outputs/qe_runs_bulk_li2nav2po43/a8p2950_c22p4900_pid8100_att1/espresso.pwi,outputs/qe_runs_bulk_li2nav2po43/a8p2950_c22p4900_pid8100_att1/espresso.pwo,False,False,,,,,,,geometry_overlap,50.0,400.0,2 2 2 0 0 0,gaussian,0.4,PSLibrary,"{""Li"":""li_pbe_v1.4.uspp.F.UPF"",""Na"":""na_pbe_v1.5.uspp.F.UPF"",""O"":""O.pbe-n-kjpaw_psl.0.1.UPF"",""P"":""P.pbe-n-rrkjus_psl.1.0.0.UPF"",""V"":""v_pbe_v1.4.uspp.F.UPF""}",764e9bfae1a9aab973fec1b5e243d43b12ea5848a51175965d214c89aec28413
bulk_li2nav2po43,outputs/qe_runs_bulk_li2nav2po43/a8p2950_c22p4900_pid8100_att2/espresso.pwi,outputs/qe_runs_bulk_li2nav2po43/a8p2950_c22p4900_pid8100_att2/espresso.pwo,False,False,,,,,,,geometry_overlap,50.0,400.0,2 2 2 0 0 0,gaussian,0.4,PSLibrary,"{""Li"":""li_pbe_v1.4.uspp.F.UPF"",""Na"":""na_pbe_v1.5.uspp.F.UPF"",""O"":""O.pbe-n-kjpaw_psl.0.1.UPF"",""P"":""P.pbe-n-rrkjus_psl.1.0.0.UPF"",""V"":""v_pbe_v1.4.uspp.F.UPF""}",4005c9a80a344ea192188b3193463d0df53453e8f274924926a70579d543feec
bulk_li2nav2po43,outputs/qe_runs_bulk_li2nav2po43/a8p2950_c22p4900_pid8100_att3/espresso.pwi,outputs/qe_runs_bulk_li2nav2po43/a8p2950_c22p4900_pid8100_att3/espresso.pwo,False,False,,,,,,,geometry_overlap,50.0,400.0,2 2 2 0 0 0,gaussian,0.4,PSLibrary,"{""Li"":""li_pbe_v1.4.uspp.F.UPF"",""Na"":""na_pbe_v1.5.uspp.F.UPF"",""O"":""O.pbe-n-kjpaw_psl.0.1.UPF"",""P"":""P.pbe-n-rrkjus_psl.1.0.0.UPF"",""V"":""v_pbe_v1.4.uspp.F.UPF""}",db0a563fa38c1902c970b1f4f00f118a73e951b371c64ffc6d792763f2e8f33f
bulk_li2nav2po43,outputs/qe_runs_bulk_li2nav2po43/a8p2950_c22p4900_pid8628_att1/espresso.pwi,outputs/qe_runs_bulk_li2nav2po43/a8p2950_c22p4900_pid8628_att1/espresso.pwo,False,False,,,,,,,geometry_overlap,50.0,400.0,1 1 1 0 0 0,gaussian,0.4,PSLibrary,"{""Li"":""li_pbe_v1.4.uspp.F.UPF"",""Na"":""na_pbe_v1.5.uspp.F.UPF"",""O"":""O.pbe-n-kjpaw_psl.0.1.UPF"",""P"":""P.pbe-n-rrkjus_psl.1.0.0.UPF"",""V"":""v_pbe_v1.4.uspp.F.UPF""}",62e1a0515820e663f1fdedf282d83a15453ed8cf5ad44d9b7487bf151e70a8b9
bulk_li2nav2po43,outputs/qe_runs_bulk_li2nav2po43/a8p2950_c22p4900_pid8628_att2/espresso.pwi,outputs/qe_runs_bulk_li2nav2po43/a8p2950_c22p4900_pid8628_att2/espresso.pwo,False,False,,,,,,,geometry_overlap,50.0,400.0,1 1 1 0 0 0,gaussian,0.4,PSLibrary,"{""Li"":""li_pbe_v1.4.uspp.F.UPF"",""Na"":""na_pbe_v1.5.uspp.F.UPF"",""O"":""O.pbe-n-kjpaw_psl.0.1.UPF"",""P"":""P.pbe-n-rrkjus_psl.1.0.0.UPF"",""V"":""v_pbe_v1.4.uspp.F.UPF""}",f14fa991b76ad9e384e82914401bd3ae8c9eeb897972db6da8d530810c643f28
bulk_li2nav2po43,outputs/qe_runs_bulk_li2nav2po43/a8p2950_c22p4900_pid8628_att3/espresso.pwi,outputs/qe_runs_bulk_li2nav2po43/a8p2950_c22p4900_pid8628_att3/espresso.pwo,False,False,,,,,,,geometry_overlap,50.0,400.0,1 1 1 0 0 0,gaussian,0.4,PSLibrary,"{""Li"":""li_pbe_v1.4.uspp.F.UPF"",""Na"":""na_pbe_v1.5.uspp.F.UPF"",""O"":""O.pbe-n-kjpaw_psl.0.1.UPF"",""P"":""P.pbe-n-rrkjus_psl.1.0.0.UPF"",""V"":""v_pbe_v1.4.uspp.F.UPF""}",26c75fd06ac58e05f85a99e909ac76019076d1681df2d7d65f05501042d6774a
bulk_li2nav2po43,outputs/qe_runs_bulk_li2nav2po43/a8p3250_c22p4600_pid8100_att1/espresso.pwi,outputs/qe_runs_bulk_li2nav2po43/a8p3250_c22p4600_pid8100_att1/espresso.pwo,False,False,,,,,,,geometry_overlap,50.0,400.0,2 2 2 0 0 0,gaussian,0.4,PSLibrary,"{""Li"":""li_pbe_v1.4.uspp.F.UPF"",""Na"":""na_pbe_v1.5.uspp.F.UPF"",""O"":""O.pbe-n-kjpaw_psl.0.1.UPF"",""P"":""P.pbe-n-rrkjus_psl.1.0.0.UPF"",""V"":""v_pbe_v1.4.uspp.F.UPF""}",0ae4c7fbce4f623f9d84e44a33fcec623533a3953f55acb36485174ba64dbdce
bulk_li2nav2po43,outputs/qe_runs_bulk_li2nav2po43/a8p3250_c22p4600_pid8100_att2/espresso.pwi,outputs/qe_runs_bulk_li2nav2po43/a8p3250_c22p4600_pid8100_att2/espresso.pwo,False,False,,,,,,,geometry_overlap,50.0,400.0,2 2 2 0 0 0,gaussian,0.4,PSLibrary,"{""Li"":""li_pbe_v1.4.uspp.F.UPF"",""Na"":""na_pbe_v1.5.uspp.F.UPF"",""O"":""O.pbe-n-kjpaw_psl.0.1.UPF"",""P"":""P.pbe-n-rrkjus_psl.1.0.0.UPF"",""V"":""v_pbe_v1.4.uspp.F.UPF""}",e4f9e616cd9c5352a0f52c6efffe86c98c68f5b8679a8ca7e372a25e3cd154d0
bulk_li2nav2po43,outputs/qe_runs_bulk_li2nav2po43/a8p3250_c22p4600_pid8100_att3/espresso.pwi,outputs/qe_runs_bulk_li2nav2po43/a8p3250_c22p4600_pid8100_att3/espresso.pwo,False,False,,,,,,,geometry_overlap,50.0,400.0,2 2 2 0 0 0,gaussian,0.4,PSLibrary,"{""Li"":""li_pbe_v1.4.uspp.F.UPF"",""Na"":""na_pbe_v1.5.uspp.F.UPF"",""O"":""O.pbe-n-kjpaw_psl.0.1.UPF"",""P"":""P.pbe-n-rrkjus_psl.1.0.0.UPF"",""V"":""v_pbe_v1.4.uspp.F.UPF""}",4cee6c5d75cf06b2c702f9d26edaa269760f83df22b60c824396bc46671354d6
bulk_li2nav2po43,outputs/qe_runs_bulk_li2nav2po43/a8p3250_c22p4600_pid8628_att1/espresso.pwi,outputs/qe_runs_bulk_li2nav2po43/a8p3250_c22p4600_pid8628_att1/espresso.pwo,False,False,,,,,,,geometry_overlap,50.0,400.0,1 1 1 0 0 0,gaussian,0.4,PSLibrary,"{""Li"":""li_pbe_v1.4.uspp.F.UPF"",""Na"":""na_pbe_v1.5.uspp.F.UPF"",""O"":""O.pbe-n-kjpaw_psl.0.1.UPF"",""P"":""P.pbe-n-rrkjus_psl.1.0.0.UPF"",""V"":""v_pbe_v1.4.uspp.F.UPF""}",8d23b0bc1d3bddb84f23688a2b0254b602a564ea8064c5fa1b10be524e59f51e
bulk_li2nav2po43,outputs/qe_runs_bulk_li2nav2po43/a8p3250_c22p4600_pid8628_att2/espresso.pwi,outputs/qe_runs_bulk_li2nav2po43/a8p3250_c22p4600_pid8628_att2/espresso.pwo,False,False,,,,,,,geometry_overlap,50.0,400.0,1 1 1 0 0 0,gaussian,0.4,PSLibrary,"{""Li"":""li_pbe_v1.4.uspp.F.UPF"",""Na"":""na_pbe_v1.5.uspp.F.UPF"",""O"":""O.pbe-n-kjpaw_psl.0.1.UPF"",""P"":""P.pbe-n-rrkjus_psl.1.0.0.UPF"",""V"":""v_pbe_v1.4.uspp.F.UPF""}",2ded7f48beb1693bae09d50ddc027a5ba31f1cac46fb31b47204e36dbd6a1ae4
bulk_li2nav2po43,outputs/qe_runs_bulk_li2nav2po43/a8p3250_c22p4600_pid8628_att3/espresso.pwi,outputs/qe_runs_bulk_li2nav2po43/a8p3250_c22p4600_pid8628_att3/espresso.pwo,False,False,,,,,,,geometry_overlap,50.0,400.0,1 1 1 0 0 0,gaussian,0.4,PSLibrary,"{""Li"":""li_pbe_v1.4.uspp.F.UPF"",""Na"":""na_pbe_v1.5.uspp.F.UPF"",""O"":""O.pbe-n-kjpaw_psl.0.1.UPF"",""P"":""P.pbe-n-rrkjus_psl.1.0.0.UPF"",""V"":""v_pbe_v1.4.uspp.F.UPF""}",d81db321072f0c9a47a037c53e2436b480d2a5af72d4d9671b03de72f4a6497e
bulk_li2nav2po43,outputs/qe_runs_bulk_li2nav2po43/a8p3250_c22p4900_pid8100_att1/espresso.pwi,outputs/qe_runs_bulk_li2nav2po43/a8p3250_c22p4900_pid8100_att1/espresso.pwo,False,False,,,,,,,geometry_overlap,50.0,400.0,2 2 2 0 0 0,gaussian,0.4,PSLibrary,"{""Li"":""li_pbe_v1.4.uspp.F.UPF"",""Na"":""na_pbe_v1.5.uspp.F.UPF"",""O"":""O.pbe-n-kjpaw_psl.0.1.UPF"",""P"":""P.pbe-n-rrkjus_psl.1.0.0.UPF"",""V"":""v_pbe_v1.4.uspp.F.UPF""}",f304dbb75a614252122053a5cddf53b21e09df1b0824fa044683043f10edf6ff
bulk_li2nav2po43,outputs/qe_runs_bulk_li2nav2po43/a8p3250_c22p4900_pid8100_att2/espresso.pwi,outputs/qe_runs_bulk_li2nav2po43/a8p3250_c22p4900_pid8100_att2/espresso.pwo,False,False,,,,,,,geometry_overlap,50.0,400.0,2 2 2 0 0 0,gaussian,0.4,PSLibrary,"{""Li"":""li_pbe_v1.4.uspp.F.UPF"",""Na"":""na_pbe_v1.5.uspp.F.UPF"",""O"":""O.pbe-n-kjpaw_psl.0.1.UPF"",""P"":""P.pbe-n-rrkjus_psl.1.0.0.UPF"",""V"":""v_pbe_v1.4.uspp.F.UPF""}",c43405412d0427a19933b3b37be5a59a339329f2fc62919001a81a0f07b57651
bulk_li2nav2po43,outputs/qe_runs_bulk_li2nav2po43/a8p3250_c22p4900_pid8100_att3/espresso.pwi,outputs/qe_runs_bulk_li2nav2po43/a8p3250_c22p4900_pid8100_att3/espresso.pwo,False,False,,,,,,,geometry_overlap,50.0,400.0,2 2 2 0 0 0,gaussian,0.4,PSLibrary,"{""Li"":""li_pbe_v1.4.uspp.F.UPF"",""Na"":""na_pbe_v1.5.uspp.F.UPF"",""O"":""O.pbe-n-kjpaw_psl.0.1.UPF"",""P"":""P.pbe-n-rrkjus_psl.1.0.0.UPF"",""V"":""v_pbe_v1.4.uspp.F.UPF""}",e30bc0bce6bdc4c3472bf6863baf359a7e7dee83aea5fd9d228bc3da7376cf87
bulk_li2nav2po43,outputs/qe_runs_bulk_li2nav2po43/a8p3250_c22p4900_pid8628_att1/espresso.pwi,outputs/qe_runs_bulk_li2nav2po43/a8p3250_c22p4900_pid8628_att1/espresso.pwo,False,False,,,,,,,geometry_overlap,50.0,400.0,1 1 1 0 0 0,gaussian,0.4,PSLibrary,"{""Li"":""li_pbe_v1.4.uspp.F.UPF"",""Na"":""na_pbe_v1.5.uspp.F.UPF"",""O"":""O.pbe-n-kjpaw_psl.0.1.UPF"",""P"":""P.pbe-n-rrkjus_psl.1.0.0.UPF"",""V"":""v_pbe_v1.4.uspp.F.UPF""}",af6fbb8f30cb17f806902adad644360c5cfdb2b46aa056bb003682fb6c43f326
bulk_li2nav2po43,outputs/qe_runs_bulk_li2nav2po43/a8p3250_c22p4900_pid8628_att2/espresso.pwi,outputs/qe_runs_bulk_li2nav2po43/a8p3250_c22p4900_pid8628_att2/espresso.pwo,False,False,,,,,,,geometry_overlap,50.0,400.0,1 1 1 0 0 0,gaussian,0.4,PSLibrary,"{""Li"":""li_pbe_v1.4.uspp.F.UPF"",""Na"":""na_pbe_v1.5.uspp.F.UPF"",""O"":""O.pbe-n-kjpaw_psl.0.1.UPF"",""P"":""P.pbe-n-rrkjus_psl.1.0.0.UPF"",""V"":""v_pbe_v1.4.uspp.F.UPF""}",5c9ab8e847e55c62f02352ddaf939c89b2991a23b8e7f5fd368e0ef0b1b3aa7a
bulk_li2nav2po43,outputs/qe_runs_bulk_li2nav2po43/a8p3250_c22p4900_pid8628_att3/espresso.pwi,outputs/qe_runs_bulk_li2nav2po43/a8p3250_c22p4900_pid8628_att3/espresso.pwo,False,False,,,,,,,geometry_overlap,50.0,400.0,1 1 1 0 0 0,gaussian,0.4,PSLibrary,"{""Li"":""li_pbe_v1.4.uspp.F.UPF"",""Na"":""na_pbe_v1.5.uspp.F.UPF"",""O"":""O.pbe-n-kjpaw_psl.0.1.UPF"",""P"":""P.pbe-n-rrkjus_psl.1.0.0.UPF"",""V"":""v_pbe_v1.4.uspp.F.UPF""}",984b5298b9108bcb7f6d70abb336cc311ee36bd0739e922e92cc57877ef205b4
bulk_li2nav2po43,outputs/qe_runs_bulk_li2nav2po43/a8p3250_c22p5200_pid8100_att1/espresso.pwi,outputs/qe_runs_bulk_li2nav2po43/a8p3250_c22p5200_pid8100_att1/espresso.pwo,False,False,,,,,,,geometry_overlap,50.0,400.0,2 2 2 0 0 0,gaussian,0.4,PSLibrary,"{""Li"":""li_pbe_v1.4.uspp.F.UPF"",""Na"":""na_pbe_v1.5.uspp.F.UPF"",""O"":""O.pbe-n-kjpaw_psl.0.1.UPF"",""P"":""P.pbe-n-rrkjus_psl.1.0.0.UPF"",""V"":""v_pbe_v1.4.uspp.F.UPF""}",6a8ee414fb7fe67a70630041d667373e469529b65053afb5b3ded547f8d69af9
bulk_li2nav2po43,outputs/qe_runs_bulk_li2nav2po43/a8p3250_c22p5200_pid8100_att2/espresso.pwi,outputs/qe_runs_bulk_li2nav2po43/a8p3250_c22p5200_pid8100_att2/espresso.pwo,False,False,,,,,,,geometry_overlap,50.0,400.0,2 2 2 0 0 0,gaussian,0.4,PSLibrary,"{""Li"":""li_pbe_v1.4.uspp.F.UPF"",""Na"":""na_pbe_v1.5.uspp.F.UPF"",""O"":""O.pbe-n-kjpaw_psl.0.1.UPF"",""P"":""P.pbe-n-rrkjus_psl.1.0.0.UPF"",""V"":""v_pbe_v1.4.uspp.F.UPF""}",8093dc71fb45894d34ab894d50323f4f97dd55499d853dcc8cfe119bc9ca62dc
bulk_li2nav2po43,outputs/qe_runs_bulk_li2nav2po43/a8p3250_c22p5200_pid8100_att3/espresso.pwi,outputs/qe_runs_bulk_li2nav2po43/a8p3250_c22p5200_pid8100_att3/espresso.pwo,False,False,,,,,,,geometry_overlap,50.0,400.0,2 2 2 0 0 0,gaussian,0.4,PSLibrary,"{""Li"":""li_pbe_v1.4.uspp.F.UPF"",""Na"":""na_pbe_v1.5.uspp.F.UPF"",""O"":""O.pbe-n-kjpaw_psl.0.1.UPF"",""P"":""P.pbe-n-rrkjus_psl.1.0.0.UPF"",""V"":""v_pbe_v1.4.uspp.F.UPF""}",0f5f73ee91e2c97d7674e6340d7a1e4c114b73853e9f72923718f34e37ab26d8
bulk_li2nav2po43,outputs/qe_runs_bulk_li2nav2po43/a8p3250_c22p5200_pid8628_att1/espresso.pwi,outputs/qe_runs_bulk_li2nav2po43/a8p3250_c22p5200_pid8628_att1/espresso.pwo,False,False,,,,,,,geometry_overlap,50.0,400.0,1 1 1 0 0 0,gaussian,0.4,PSLibrary,"{""Li"":""li_pbe_v1.4.uspp.F.UPF"",""Na"":""na_pbe_v1.5.uspp.F.UPF"",""O"":""O.pbe-n-kjpaw_psl.0.1.UPF"",""P"":""P.pbe-n-rrkjus_psl.1.0.0.UPF"",""V"":""v_pbe_v1.4.uspp.F.UPF""}",66f7680adb748b0bb6b328f1caa607389d2dda93fb273b2f4593aa93b2de165c
bulk_li2nav2po43,outputs/qe_runs_bulk_li2nav2po43/a8p3250_c22p5200_pid8628_att2/espresso.pwi,outputs/qe_runs_bulk_li2nav2po43/a8p3250_c22p5200_pid8628_att2/espresso.pwo,False,False,,,,,,,geometry_overlap,50.0,400.0,1 1 1 0 0 0,gaussian,0.4,PSLibrary,"{""Li"":""li_pbe_v1.4.uspp.F.UPF"",""Na"":""na_pbe_v1.5.uspp.F.UPF"",""O"":""O.pbe-n-kjpaw_psl.0.1.UPF"",""P"":""P.pbe-n-rrkjus_psl.1.0.0.UPF"",""V"":""v_pbe_v1.4.uspp.F.UPF""}",f0084bc4ede8d2cbe8b9455407ba03c456d0cd3f6e6bdb8c0941d4dfbbf1d4c6
bulk_li2nav2po43,outputs/qe_runs_bulk_li2nav2po43/a8p3250_c22p5200_pid8628_att3/espresso.pwi,outputs/qe_runs_bulk_li2nav2po43/a8p3250_c22p5200_pid8628_att3/espresso.pwo,False,False,,,,,,,geometry_overlap,50.0,400.0,1 1 1 0 0 0,gaussian,0.4,PSLibrary,"{""Li"":""li_pbe_v1.4.uspp.F.UPF"",""Na"":""na_pbe_v1.5.uspp.F.UPF"",""O"":""O.pbe-n-kjpaw_psl.0.1.UPF"",""P"":""P.pbe-n-rrkjus_psl.1.0.0.UPF"",""V"":""v_pbe_v1.4.uspp.F.UPF""}",008ff87b5434413bfc1d0ffc1f41d4a91d9ae48bb156353d9dc3f2bf0d68aad2
bulk_li2nav2po43,outputs/qe_runs_bulk_li2nav2po43/a8p3550_c22p4900_pid8100_att1/espresso.pwi,outputs/qe_runs_bulk_li2nav2po43/a8p3550_c22p4900_pid8100_att1/espresso.pwo,False,False,,,,,,,geometry_overlap,50.0,400.0,2 2 2 0 0 0,gaussian,0.4,PSLibrary,"{""Li"":""li_pbe_v1.4.uspp.F.UPF"",""Na"":""na_pbe_v1.5.uspp.F.UPF"",""O"":""O.pbe-n-kjpaw_psl.0.1.UPF"",""P"":""P.pbe-n-rrkjus_psl.1.0.0.UPF"",""V"":""v_pbe_v1.4.uspp.F.UPF""}",94597d6f9390aeb6cd2ab597c593963a6eae2def4fbf5480296cb824d73864cc
bulk_li2nav2po43,outputs/qe_runs_bulk_li2nav2po43/a8p3550_c22p4900_pid8100_att2/espresso.pwi,outputs/qe_runs_bulk_li2nav2po43/a8p3550_c22p4900_pid8100_att2/espresso.pwo,False,False,,,,,,,geometry_overlap,50.0,400.0,2 2 2 0 0 0,gaussian,0.4,PSLibrary,"{""Li"":""li_pbe_v1.4.uspp.F.UPF"",""Na"":""na_pbe_v1.5.uspp.F.UPF"",""O"":""O.pbe-n-kjpaw_psl.0.1.UPF"",""P"":""P.pbe-n-rrkjus_psl.1.0.0.UPF"",""V"":""v_pbe_v1.4.uspp.F.UPF""}",1386873c919de336c54fc97c0903b98932cad0c32cdd4d089a0747bd627c7331
bulk_li2nav2po43,outputs/qe_runs_bulk_li2nav2po43/a8p3550_c22p4900_pid8100_att3/espresso.pwi,outputs/qe_runs_bulk_li2nav2po43/a8p3550_c22p4900_pid8100_att3/espresso.pwo,False,False,,,,,,,geometry_overlap,50.0,400.0,2 2 2 0 0 0,gaussian,0.4,PSLibrary,"{""Li"":""li_pbe_v1.4.uspp.F.UPF"",""Na"":""na_pbe_v1.5.uspp.F.UPF"",""O"":""O.pbe-n-kjpaw_psl.0.1.UPF"",""P"":""P.pbe-n-rrkjus_psl.1.0.0.UPF"",""V"":""v_pbe_v1.4.uspp.F.UPF""}",20e5d773b1c2aa391dedfdb808e1668e1a171b86f47f5ea409f22fc19019fcca
bulk_li2nav2po43,outputs/qe_runs_bulk_li2nav2po43/a8p3550_c22p4900_pid8628_att1/espresso.pwi,outputs/qe_runs_bulk_li2nav2po43/a8p3550_c22p4900_pid8628_att1/espresso.pwo,False,False,,,,,,,geometry_overlap,50.0,400.0,1 1 1 0 0 0,gaussian,0.4,PSLibrary,"{""Li"":""li_pbe_v1.4.uspp.F.UPF"",""Na"":""na_pbe_v1.5.uspp.F.UPF"",""O"":""O.pbe-n-kjpaw_psl.0.1.UPF"",""P"":""P.pbe-n-rrkjus_psl.1.0.0.UPF"",""V"":""v_pbe_v1.4.uspp.F.UPF""}",5acb70e76290f876c809624c6a9d63d48f37bf2e57e20a68880548d0482f50ff
bulk_li2nav2po43,outputs/qe_runs_bulk_li2nav2po43/a8p3550_c22p4900_pid8628_att2/espresso.pwi,outputs/qe_runs_bulk_li2nav2po43/a8p3550_c22p4900_pid8628_att2/espresso.pwo,False,False,,,,,,,geometry_overlap,50.0,400.0,1 1 1 0 0 0,gaussian,0.4,PSLibrary,"{""Li"":""li_pbe_v1.4.uspp.F.UPF"",""Na"":""na_pbe_v1.5.uspp.F.UPF"",""O"":""O.pbe-n-kjpaw_psl.0.1.UPF"",""P"":""P.pbe-n-rrkjus_psl.1.0.0.UPF"",""V"":""v_pbe_v1.4.uspp.F.UPF""}",5413e87de0f56d0082336796eb4d31851462da677ced31196a6c445af11e9f34
bulk_li2nav2po43,outputs/qe_runs_bulk_li2nav2po43/a8p3550_c22p4900_pid8628_att3/espresso.pwi,outputs/qe_runs_bulk_li2nav2po43/a8p3550_c22p4900_pid8628_att3/espresso.pwo,False,False,,,,,,,geometry_overlap,50.0,400.0,1 1 1 0 0 0,gaussian,0.4,PSLibrary,"{""Li"":""li_pbe_v1.4.uspp.F.UPF"",""Na"":""na_pbe_v1.5.uspp.F.UPF"",""O"":""O.pbe-n-kjpaw_psl.0.1.UPF"",""P"":""P.pbe-n-rrkjus_psl.1.0.0.UPF"",""V"":""v_pbe_v1.4.uspp.F.UPF""}",1b2030eb117f981c16eefa27902413226d4691f2ce836a90037fb6174135fc9a
bulk_li2nav2po43,outputs/qe_runs_bulk_li2nav2po43/a8p4700_c23p5000_pid8100_att1/espresso.pwi,outputs/qe_runs_bulk_li2nav2po43/a8p4700_c23p5000_pid8100_att1/espresso.pwo,False,False,,,,,,,geometry_overlap,50.0,400.0,2 2 2 0 0 0,gaussian,0.4,PSLibrary,"{""Li"":""li_pbe_v1.4.uspp.F.UPF"",""Na"":""na_pbe_v1.5.uspp.F.UPF"",""O"":""O.pbe-n-kjpaw_psl.0.1.UPF"",""P"":""P.pbe-n-rrkjus_psl.1.0.0.UPF"",""V"":""v_pbe_v1.4.uspp.F.UPF""}",a033f8c22341e664cb30a125a25e26b2c5e9bf3ffa2c010858e683373cbab1ac
bulk_li2nav2po43,outputs/qe_runs_bulk_li2nav2po43/a8p4700_c23p5000_pid8100_att2/espresso.pwi,outputs/qe_runs_bulk_li2nav2po43/a8p4700_c23p5000_pid8100_att2/espresso.pwo,False,False,,,,,,,geometry_overlap,50.0,400.0,2 2 2 0 0 0,gaussian,0.4,PSLibrary,"{""Li"":""li_pbe_v1.4.uspp.F.UPF"",""Na"":""na_pbe_v1.5.uspp.F.UPF"",""O"":""O.pbe-n-kjpaw_psl.0.1.UPF"",""P"":""P.pbe-n-rrkjus_psl.1.0.0.UPF"",""V"":""v_pbe_v1.4.uspp.F.UPF""}",8ecccd890f67aac29cdabf727a645ecd4b268acda48c910f0087d314b5c51f82
bulk_li2nav2po43,outputs/qe_runs_bulk_li2nav2po43/a8p4700_c23p5000_pid8100_att3/espresso.pwi,outputs/qe_runs_bulk_li2nav2po43/a8p4700_c23p5000_pid8100_att3/espresso.pwo,False,False,,,,,,,geometry_overlap,50.0,400.0,2 2 2 0 0 0,gaussian,0.4,PSLibrary,"{""Li"":""li_pbe_v1.4.uspp.F.UPF"",""Na"":""na_pbe_v1.5.uspp.F.UPF"",""O"":""O.pbe-n-kjpaw_psl.0.1.UPF"",""P"":""P.pbe-n-rrkjus_psl.1.0.0.UPF"",""V"":""v_pbe_v1.4.uspp.F.UPF""}",6bdb4c8aa2e5bd8e43c8d90bfbfa810ebddd2d248cc94a29112a5b49c86f6205
bulk_li2nav2po43,outputs/qe_runs_bulk_li2nav2po43/a8p4700_c23p5000_pid8628_att1/espresso.pwi,outputs/qe_runs_bulk_li2nav2po43/a8p4700_c23p5000_pid8628_att1/espresso.pwo,False,False,,,,,,,geometry_overlap,50.0,400.0,1 1 1 0 0 0,gaussian,0.4,PSLibrary,"{""Li"":""li_pbe_v1.4.uspp.F.UPF"",""Na"":""na_pbe_v1.5.uspp.F.UPF"",""O"":""O.pbe-n-kjpaw_psl.0.1.UPF"",""P"":""P.pbe-n-rrkjus_psl.1.0.0.UPF"",""V"":""v_pbe_v1.4.uspp.F.UPF""}",d2bf67b937f195f1c1408a4f7828aaf12fecda44e1d701c7ef30e59ddf8ebc15
bulk_li2nav2po43,outputs/qe_runs_bulk_li2nav2po43/a8p4700_c23p5000_pid8628_att2/espresso.pwi,outputs/qe_runs_bulk_li2nav2po43/a8p4700_c23p5000_pid8628_att2/espresso.pwo,False,False,,,,,,,geometry_overlap,50.0,400.0,1 1 1 0 0 0,gaussian,0.4,PSLibrary,"{""Li"":""li_pbe_v1.4.uspp.F.UPF"",""Na"":""na_pbe_v1.5.uspp.F.UPF"",""O"":""O.pbe-n-kjpaw_psl.0.1.UPF"",""P"":""P.pbe-n-rrkjus_psl.1.0.0.UPF"",""V"":""v_pbe_v1.4.uspp.F.UPF""}",4400db7e2277080ef5abace60ce4e6d0c0e3682360ae5db4cd43bbddd9a4a0b4
bulk_li2nav2po43,outputs/qe_runs_bulk_li2nav2po43/a8p4700_c23p5000_pid8628_att3/espresso.pwi,outputs/qe_runs_bulk_li2nav2po43/a8p4700_c23p5000_pid8628_att3/espresso.pwo,False,False,,,,,,,geometry_overlap,50.0,400.0,1 1 1 0 0 0,gaussian,0.4,PSLibrary,"{""Li"":""li_pbe_v1.4.uspp.F.UPF"",""Na"":""na_pbe_v1.5.uspp.F.UPF"",""O"":""O.pbe-n-kjpaw_psl.0.1.UPF"",""P"":""P.pbe-n-rrkjus_psl.1.0.0.UPF"",""V"":""v_pbe_v1.4.uspp.F.UPF""}",a0b679f24916c93ead08eb74ab648225367dc6c27bfbc432f5b76ac25e343ab9
bulk_li2nav2po43,outputs/qe_runs_bulk_li2nav2po43/a8p5000_c23p4700_pid8100_att1/espresso.pwi,outputs/qe_runs_bulk_li2nav2po43/a8p5000_c23p4700_pid8100_att1/espresso.pwo,False,False,,,,,,,geometry_overlap,50.0,400.0,2 2 2 0 0 0,gaussian,0.4,PSLibrary,"{""Li"":""li_pbe_v1.4.uspp.F.UPF"",""Na"":""na_pbe_v1.5.uspp.F.UPF"",""O"":""O.pbe-n-kjpaw_psl.0.1.UPF"",""P"":""P.pbe-n-rrkjus_psl.1.0.0.UPF"",""V"":""v_pbe_v1.4.uspp.F.UPF""}",42aa883f3f2f41b651c209ce5dc7f0de078cceeb6fa933253af1907c81cfbcf7
bulk_li2nav2po43,outputs/qe_runs_bulk_li2nav2po43/a8p5000_c23p4700_pid8100_att2/espresso.pwi,outputs/qe_runs_bulk_li2nav2po43/a8p5000_c23p4700_pid8100_att2/espresso.pwo,False,False,,,,,,,geometry_overlap,50.0,400.0,2 2 2 0 0 0,gaussian,0.4,PSLibrary,"{""Li"":""li_pbe_v1.4.uspp.F.UPF"",""Na"":""na_pbe_v1.5.uspp.F.UPF"",""O"":""O.pbe-n-kjpaw_psl.0.1.UPF"",""P"":""P.pbe-n-rrkjus_psl.1.0.0.UPF"",""V"":""v_pbe_v1.4.uspp.F.UPF""}",dc336367715057071f7b9c7f0b3616d626264d75e164747ce762ac431fe0d5ac
bulk_li2nav2po43,outputs/qe_runs_bulk_li2nav2po43/a8p5000_c23p4700_pid8100_att3/espresso.pwi,outputs/qe_runs_bulk_li2nav2po43/a8p5000_c23p4700_pid8100_att3/espresso.pwo,False,False,,,,,,,geometry_overlap,50.0,400.0,2 2 2 0 0 0,gaussian,0.4,PSLibrary,"{""Li"":""li_pbe_v1.4.uspp.F.UPF"",""Na"":""na_pbe_v1.5.uspp.F.UPF"",""O"":""O.pbe-n-kjpaw_psl.0.1.UPF"",""P"":""P.pbe-n-rrkjus_psl.1.0.0.UPF"",""V"":""v_pbe_v1.4.uspp.F.UPF""}",1ae147aefbdea5af37e7aab21c95ee0dc6d8993d1ccd8b8ecadfd82d2e66db4c
bulk_li2nav2po43,outputs/qe_runs_bulk_li2nav2po43/a8p5000_c23p4700_pid8628_att1/espresso.pwi,outputs/qe_runs_bulk_li2nav2po43/a8p5000_c23p4700_pid8628_att1/espresso.pwo,False,False,,,,,,,geometry_overlap,50.0,400.0,1 1 1 0 0 0,gaussian,0.4,PSLibrary,"{""Li"":""li_pbe_v1.4.uspp.F.UPF"",""Na"":""na_pbe_v1.5.uspp.F.UPF"",""O"":""O.pbe-n-kjpaw_psl.0.1.UPF"",""P"":""P.pbe-n-rrkjus_psl.1.0.0.UPF"",""V"":""v_pbe_v1.4.uspp.F.UPF""}",e34d5728dc80ebd7b1a76b0d6c0489b2e39f491dc112dbdd69cfd4f97c6d46d7
bulk_li2nav2po43,outputs/qe_runs_bulk_li2nav2po43/a8p5000_c23p4700_pid8628_att2/espresso.pwi,outputs/qe_runs_bulk_li2nav2po43/a8p5000_c23p4700_pid8628_att2/espresso.pwo,False,False,,,,,,,geometry_overlap,50.0,400.0,1 1 1 0 0 0,gaussian,0.4,PSLibrary,"{""Li"":""li_pbe_v1.4.uspp.F.UPF"",""Na"":""na_pbe_v1.5.uspp.F.UPF"",""O"":""O.pbe-n-kjpaw_psl.0.1.UPF"",""P"":""P.pbe-n-rrkjus_psl.1.0.0.UPF"",""V"":""v_pbe_v1.4.uspp.F.UPF""}",36502fcc4e99aeaa1494038f2b47ce1991b1ce3a3785331c7b8900e3fdd1b40a
bulk_li2nav2po43,outputs/qe_runs_bulk_li2nav2po43/a8p5000_c23p4700_pid8628_att3/espresso.pwi,outputs/qe_runs_bulk_li2nav2po43/a8p5000_c23p4700_pid8628_att3/espresso.pwo,False,False,,,,,,,geometry_overlap,50.0,400.0,1 1 1 0 0 0,gaussian,0.4,PSLibrary,"{""Li"":""li_pbe_v1.4.uspp.F.UPF"",""Na"":""na_pbe_v1.5.uspp.F.UPF"",""O"":""O.pbe-n-kjpaw_psl.0.1.UPF"",""P"":""P.pbe-n-rrkjus_psl.1.0.0.UPF"",""V"":""v_pbe_v1.4.uspp.F.UPF""}",ee7943ca07b3767bf4ca805063b9605031e8b987ff6c55cdf97aaceab0cbbe9e
bulk_li2nav2po43,outputs/qe_runs_bulk_li2nav2po43/a8p5000_c23p5000_pid8100_att1/espresso.pwi,outputs/qe_runs_bulk_li2nav2po43/a8p5000_c23p5000_pid8100_att1/espresso.pwo,False,False,,,,,,,geometry_overlap,50.0,400.0,2 2 2 0 0 0,gaussian,0.4,PSLibrary,"{""Li"":""li_pbe_v1.4.uspp.F.UPF"",""Na"":""na_pbe_v1.5.uspp.F.UPF"",""O"":""O.pbe-n-kjpaw_psl.0.1.UPF"",""P"":""P.pbe-n-rrkjus_psl.1.0.0.UPF"",""V"":""v_pbe_v1.4.uspp.F.UPF""}",3b7d3ff152bd64428d5ccdf5ff9fd7da88e7b086fad31c4f2ad80cda079f0ea9
bulk_li2nav2po43,outputs/qe_runs_bulk_li2nav2po43/a8p5000_c23p5000_pid8100_att2/espresso.pwi,outputs/qe_runs_bulk_li2nav2po43/a8p5000_c23p5000_pid8100_att2/espresso.pwo,False,False,,,,,,,geometry_overlap,50.0,400.0,2 2 2 0 0 0,gaussian,0.4,PSLibrary,"{""Li"":""li_pbe_v1.4.uspp.F.UPF"",""Na"":""na_pbe_v1.5.uspp.F.UPF"",""O"":""O.pbe-n-kjpaw_psl.0.1.UPF"",""P"":""P.pbe-n-rrkjus_psl.1.0.0.UPF"",""V"":""v_pbe_v1.4.uspp.F.UPF""}",1dce8f0152fe5763cf1b45671b096374e60b3746e1fef8bbacc47f0089493019
bulk_li2nav2po43,outputs/qe_runs_bulk_li2nav2po43/a8p5000_c23p5000_pid8100_att3/espresso.pwi,outputs/qe_runs_bulk_li2nav2po43/a8p5000_c23p5000_pid8100_att3/espresso.pwo,False,False,,,,,,,geometry_overlap,50.0,400.0,2 2 2 0 0 0,gaussian,0.4,PSLibrary,"{""Li"":""li_pbe_v1.4.uspp.F.UPF"",""Na"":""na_pbe_v1.5.uspp.F.UPF"",""O"":""O.pbe-n-kjpaw_psl.0.1.UPF"",""P"":""P.pbe-n-rrkjus_psl.1.0.0.UPF"",""V"":""v_pbe_v1.4.uspp.F.UPF""}",c577f6e6448c17dec79f623484e7da7bfcec0438695b9ebfd2c2637cee646de1
bulk_li2nav2po43,outputs/qe_runs_bulk_li2nav2po43/a8p5000_c23p5000_pid8628_att1/espresso.pwi,outputs/qe_runs_bulk_li2nav2po43/a8p5000_c23p5000_pid8628_att1/espresso.pwo,False,False,,,,,,,geometry_overlap,50.0,400.0,1 1 1 0 0 0,gaussian,0.4,PSLibrary,"{""Li"":""li_pbe_v1.4.uspp.F.UPF"",""Na"":""na_pbe_v1.5.uspp.F.UPF"",""O"":""O.pbe-n-kjpaw_psl.0.1.UPF"",""P"":""P.pbe-n-rrkjus_psl.1.0.0.UPF"",""V"":""v_pbe_v1.4.uspp.F.UPF""}",78ca321248a63e7bb943a0ac34315850780ebec461db67f68f55c741735617d1
bulk_li2nav2po43,outputs/qe_runs_bulk_li2nav2po43/a8p5000_c23p5000_pid8628_att2/espresso.pwi,outputs/qe_runs_bulk_li2nav2po43/a8p5000_c23p5000_pid8628_att2/espresso.pwo,False,False,,,,,,,geometry_overlap,50.0,400.0,1 1 1 0 0 0,gaussian,0.4,PSLibrary,"{""Li"":""li_pbe_v1.4.uspp.F.UPF"",""Na"":""na_pbe_v1.5.uspp.F.UPF"",""O"":""O.pbe-n-kjpaw_psl.0.1.UPF"",""P"":""P.pbe-n-rrkjus_psl.1.0.0.UPF"",""V"":""v_pbe_v1.4.uspp.F.UPF""}",5be5972368292217836d19ccff35f5cf2420aed98b9db3e35eebf54bb3aafc1e
bulk_li2nav2po43,outputs/qe_runs_bulk_li2nav2po43/a8p5000_c23p5000_pid8628_att3/espresso.pwi,outputs/qe_runs_bulk_li2nav2po43/a8p5000_c23p5000_pid8628_att3/espresso.pwo,False,False,,,,,,,geometry_overlap,50.0,400.0,1 1 1 0 0 0,gaussian,0.4,PSLibrary,"{""Li"":""li_pbe_v1.4.uspp.F.UPF"",""Na"":""na_pbe_v1.5.uspp.F.UPF"",""O"":""O.pbe-n-kjpaw_psl.0.1.UPF"",""P"":""P.pbe-n-rrkjus_psl.1.0.0.UPF"",""V"":""v_pbe_v1.4.uspp.F.UPF""}",02ee660da54068179aa93bb66cb8fa7751a286d8423d8329359bf93018047086
bulk_li2nav2po43,outputs/qe_runs_bulk_li2nav2po43/a8p5000_c23p5300_pid8100_att1/espresso.pwi,outputs/qe_runs_bulk_li2nav2po43/a8p5000_c23p5300_pid8100_att1/espresso.pwo,False,False,,,,,,,geometry_overlap,50.0,400.0,2 2 2 0 0 0,gaussian,0.4,PSLibrary,"{""Li"":""li_pbe_v1.4.uspp.F.UPF"",""Na"":""na_pbe_v1.5.uspp.F.UPF"",""O"":""O.pbe-n-kjpaw_psl.0.1.UPF"",""P"":""P.pbe-n-rrkjus_psl.1.0.0.UPF"",""V"":""v_pbe_v1.4.uspp.F.UPF""}",5997743ac5a41e628395c269c9cc1aeb0fff93b4e42a159cf07dab777d43b4e4
bulk_li2nav2po43,outputs/qe_runs_bulk_li2nav2po43/a8p5000_c23p5300_pid8100_att2/espresso.pwi,outputs/qe_runs_bulk_li2nav2po43/a8p5000_c23p5300_pid8100_att2/espresso.pwo,False,False,,,,,,,geometry_overlap,50.0,400.0,2 2 2 0 0 0,gaussian,0.4,PSLibrary,"{""Li"":""li_pbe_v1.4.uspp.F.UPF"",""Na"":""na_pbe_v1.5.uspp.F.UPF"",""O"":""O.pbe-n-kjpaw_psl.0.1.UPF"",""P"":""P.pbe-n-rrkjus_psl.1.0.0.UPF"",""V"":""v_pbe_v1.4.uspp.F.UPF""}",af1e972bbd947d6477b5fb69b341cc3d9a916dfdd331525ccb17f68cdfad0feb
bulk_li2nav2po43,outputs/qe_runs_bulk_li2nav2po43/a8p5000_c23p5300_pid8100_att3/espresso.pwi,outputs/qe_runs_bulk_li2nav2po43/a8p5000_c23p5300_pid8100_att3/espresso.pwo,False,False,,,,,,,geometry_overlap,50.0,400.0,2 2 2 0 0 0,gaussian,0.4,PSLibrary,"{""Li"":""li_pbe_v1.4.uspp.F.UPF"",""Na"":""na_pbe_v1.5.uspp.F.UPF"",""O"":""O.pbe-n-kjpaw_psl.0.1.UPF"",""P"":""P.pbe-n-rrkjus_psl.1.0.0.UPF"",""V"":""v_pbe_v1.4.uspp.F.UPF""}",545d5308ada7054c8a01213070b097f901f48a3830edeb8a7888ec1390b7f87e
bulk_li2nav2po43,outputs/qe_runs_bulk_li2nav2po43/a8p5000_c23p5300_pid8628_att1/espresso.pwi,outputs/qe_runs_bulk_li2nav2po43/a8p5000_c23p5300_pid8628_att1/espresso.pwo,False,False,,,,,,,geometry_overlap,50.0,400.0,1 1 1 0 0 0,gaussian,0.4,PSLibrary,"{""Li"":""li_pbe_v1.4.uspp.F.UPF"",""Na"":""na_pbe_v1.5.uspp.F.UPF"",""O"":""O.pbe-n-kjpaw_psl.0.1.UPF"",""P"":""P.pbe-n-rrkjus_psl.1.0.0.UPF"",""V"":""v_pbe_v1.4.uspp.F.UPF""}",2de07ea0a35672b09a75afe92a0b9797369881e3b25bf98081ca1139e01264b7
bulk_li2nav2po43,outputs/qe_runs_bulk_li2nav2po43/a8p5000_c23p5300_pid8628_att2/espresso.pwi,outputs/qe_runs_bulk_li2nav2po43/a8p5000_c23p5300_pid8628_att2/espresso.pwo,False,False,,,,,,,geometry_overlap,50.0,400.0,1 1 1 0 0 0,gaussian,0.4,PSLibrary,"{""Li"":""li_pbe_v1.4.uspp.F.UPF"",""Na"":""na_pbe_v1.5.uspp.F.UPF"",""O"":""O.pbe-n-kjpaw_psl.0.1.UPF"",""P"":""P.pbe-n-rrkjus_psl.1.0.0.UPF"",""V"":""v_pbe_v1.4.uspp.F.UPF""}",2bd7e0a54144fcbde41267982f9489815ec0c8eaf3cec1da515b5aa202e3a6ec
bulk_li2nav2po43,outputs/qe_runs_bulk_li2nav2po43/a8p5000_c23p5300_pid8628_att3/espresso.pwi,outputs/qe_runs_bulk_li2nav2po43/a8p5000_c23p5300_pid8628_att3/espresso.pwo,False,False,,,,,,,geometry_overlap,50.0,400.0,1 1 1 0 0 0,gaussian,0.4,PSLibrary,"{""Li"":""li_pbe_v1.4.uspp.F.UPF"",""Na"":""na_pbe_v1.5.uspp.F.UPF"",""O"":""O.pbe-n-kjpaw_psl.0.1.UPF"",""P"":""P.pbe-n-rrkjus_psl.1.0.0.UPF"",""V"":""v_pbe_v1.4.uspp.F.UPF""}",5ac8b10b3875b66b519067e940c4d4023e4a294ce8a509f10cdd7405dd2bf0f5
bulk_li2nav2po43,outputs/qe_runs_bulk_li2nav2po43/a8p5300_c23p5000_pid8100_att1/espresso.pwi,outputs/qe_runs_bulk_li2nav2po43/a8p5300_c23p5000_pid8100_att1/espresso.pwo,False,False,,,,,,,geometry_overlap,50.0,400.0,2 2 2 0 0 0,gaussian,0.4,PSLibrary,"{""Li"":""li_pbe_v1.4.uspp.F.UPF"",""Na"":""na_pbe_v1.5.uspp.F.UPF"",""O"":""O.pbe-n-kjpaw_psl.0.1.UPF"",""P"":""P.pbe-n-rrkjus_psl.1.0.0.UPF"",""V"":""v_pbe_v1.4.uspp.F.UPF""}",e9574e7307392a69d77b0b3d0f533402f7d29a9445863a6b3e3a1042e5634530
bulk_li2nav2po43,outputs/qe_runs_bulk_li2nav2po43/a8p5300_c23p5000_pid8100_att2/espresso.pwi,outputs/qe_runs_bulk_li2nav2po43/a8p5300_c23p5000_pid8100_att2/espresso.pwo,False,False,,,,,,,geometry_overlap,50.0,400.0,2 2 2 0 0 0,gaussian,0.4,PSLibrary,"{""Li"":""li_pbe_v1.4.uspp.F.UPF"",""Na"":""na_pbe_v1.5.uspp.F.UPF"",""O"":""O.pbe-n-kjpaw_psl.0.1.UPF"",""P"":""P.pbe-n-rrkjus_psl.1.0.0.UPF"",""V"":""v_pbe_v1.4.uspp.F.UPF""}",ab1a72e23de504f492a1fd5cc9d509e986e1abe85e8dc53015ee064d2307160c
bulk_li2nav2po43,outputs/qe_runs_bulk_li2nav2po43/a8p5300_c23p5000_pid8100_att3/espresso.pwi,outputs/qe_runs_bulk_li2nav2po43/a8p5300_c23p5000_pid8100_att3/espresso.pwo,False,False,,,,,,,geometry_overlap,50.0,400.0,2 2 2 0 0 0,gaussian,0.4,PSLibrary,"{""Li"":""li_pbe_v1.4.uspp.F.UPF"",""Na"":""na_pbe_v1.5.uspp.F.UPF"",""O"":""O.pbe-n-kjpaw_psl.0.1.UPF"",""P"":""P.pbe-n-rrkjus_psl.1.0.0.UPF"",""V"":""v_pbe_v1.4.uspp.F.UPF""}",2983b37e64dac0fdd96d2141b7957b097ee7d9b1b4a832d2edbde1827cf30acb
bulk_li2nav2po43,outputs/qe_runs_bulk_li2nav2po43/a8p5300_c23p5000_pid8628_att1/espresso.pwi,outputs/qe_runs_bulk_li2nav2po43/a8p5300_c23p5000_pid8628_att1/espresso.pwo,False,False,,,,,,,geometry_overlap,50.0,400.0,1 1 1 0 0 0,gaussian,0.4,PSLibrary,"{""Li"":""li_pbe_v1.4.uspp.F.UPF"",""Na"":""na_pbe_v1.5.uspp.F.UPF"",""O"":""O.pbe-n-kjpaw_psl.0.1.UPF"",""P"":""P.pbe-n-rrkjus_psl.1.0.0.UPF"",""V"":""v_pbe_v1.4.uspp.F.UPF""}",04c2ab902ddc0ce049e5f2a695586b54f768f495ce21165fafbcca0f71734b48
bulk_li2nav2po43,outputs/qe_runs_bulk_li2nav2po43/a8p5300_c23p5000_pid8628_att2/espresso.pwi,outputs/qe_runs_bulk_li2nav2po43/a8p5300_c23p5000_pid8628_att2/espresso.pwo,False,False,,,,,,,geometry_overlap,50.0,400.0,1 1 1 0 0 0,gaussian,0.4,PSLibrary,"{""Li"":""li_pbe_v1.4.uspp.F.UPF"",""Na"":""na_pbe_v1.5.uspp.F.UPF"",""O"":""O.pbe-n-kjpaw_psl.0.1.UPF"",""P"":""P.pbe-n-rrkjus_psl.1.0.0.UPF"",""V"":""v_pbe_v1.4.uspp.F.UPF""}",3ac1ca5519bc2bc43e2215d8a347f60beeadbc9ef1b54c571eae5df56578b8a3
bulk_li2nav2po43,outputs/qe_runs_bulk_li2nav2po43/a8p5300_c23p5000_pid8628_att3/espresso.pwi,outputs/qe_runs_bulk_li2nav2po43/a8p5300_c23p5000_pid8628_att3/espresso.pwo,False,False,,,,,,,geometry_overlap,50.0,400.0,1 1 1 0 0 0,gaussian,0.4,PSLibrary,"{""Li"":""li_pbe_v1.4.uspp.F.UPF"",""Na"":""na_pbe_v1.5.uspp.F.UPF"",""O"":""O.pbe-n-kjpaw_psl.0.1.UPF"",""P"":""P.pbe-n-rrkjus_psl.1.0.0.UPF"",""V"":""v_pbe_v1.4.uspp.F.UPF""}",9e0446361ee6407461f401dce61158acba298421e9629d51a20ac1453659d9d9
